source,target,relation,confidence
function:05e52c77957b90db,test:0ae0d382b0a7472b,tested_by,medium
function:177612edc0e5b316,test:0ae0d382b0a7472b,tested_by,medium
function:1e0578a9d8b4bd0b,test:0ae0d382b0a7472b,tested_by,medium
function:296ca1747448a0e4,test:0ae0d382b0a7472b,tested_by,medium
function:2f4eafaaf1eb1966,test:0ae0d382b0a7472b,tested_by,medium
function:32a5b2b88e07f2e6,test:0ae0d382b0a7472b,tested_by,medium
function:4c35e12b5cf9e8e9,test:0ae0d382b0a7472b,tested_by,medium
function:5aca3a21e7f59be9,test:0ae0d382b0a7472b,tested_by,medium
function:6595836698bd05f9,test:0ae0d382b0a7472b,tested_by,medium
function:66bd392cafc5135e,test:0ae0d382b0a7472b,tested_by,medium
function:68b0a99e2699f07c,test:0ae0d382b0a7472b,tested_by,medium
function:6f746d411a17a0d7,test:0ae0d382b0a7472b,tested_by,medium
function:7f099d3bfd6dc0ca,test:0ae0d382b0a7472b,tested_by,medium
function:84db1b62dab6cbaa,test:0ae0d382b0a7472b,tested_by,medium
function:8937b19f9fd952c1,test:0ae0d382b0a7472b,tested_by,medium
function:9024258597f8b99c,test:0ae0d382b0a7472b,tested_by,medium
function:98ed13221c198cac,test:0ae0d382b0a7472b,tested_by,medium
function:b1276f9d450edbf7,test:0ae0d382b0a7472b,tested_by,medium
function:d62b1fdb89fb82fe,test:0ae0d382b0a7472b,tested_by,medium
function:dda08a0f0b65cdaa,test:0ae0d382b0a7472b,tested_by,medium
function:f65ab0e141e0836f,test:0ae0d382b0a7472b,tested_by,medium
function:f9278e2da07e4b01,test:0ae0d382b0a7472b,tested_by,medium
module:1b36edd812a3c3dc,function:087069da46e181ac,calls,low
module:1b36edd812a3c3dc,function:177612edc0e5b316,calls,low
module:1b36edd812a3c3dc,function:19d006662502b2a7,calls,low
module:1b36edd812a3c3dc,function:2a11cb6db0792980,calls,low
module:1b36edd812a3c3dc,function:472f5ef4bdeea9af,calls,low
module:1b36edd812a3c3dc,function:4b674f73047ffba2,calls,low
module:1b36edd812a3c3dc,function:4c35e12b5cf9e8e9,calls,low
module:1b36edd812a3c3dc,function:52d682c094de164d,calls,low
module:1b36edd812a3c3dc,function:8937b19f9fd952c1,calls,low
module:1b36edd812a3c3dc,function:b1276f9d450edbf7,calls,low
module:1b36edd812a3c3dc,function:c24dd7acee18c685,calls,low
module:1b36edd812a3c3dc,function:c4c3f39749bc056c,calls,low
module:1b36edd812a3c3dc,function:ce7ada500057b59e,calls,low
module:1b36edd812a3c3dc,function:e4cbc86e7bf94502,calls,low
module:1b36edd812a3c3dc,function:eea36408d1bacf45,calls,low
module:1b36edd812a3c3dc,function:f9278e2da07e4b01,calls,low
module:1b36edd812a3c3dc,function:08b2f046772219cc,contains,high
module:1b36edd812a3c3dc,function:47f2d0c75a50ace3,contains,high
module:1b36edd812a3c3dc,function:7b65a94f40172440,contains,high
module:1b36edd812a3c3dc,function:8a7b7dd9322e2e7e,contains,high
module:1b36edd812a3c3dc,module:8a9d051ddf4434e8,imports,high
module:1b36edd812a3c3dc,module:e24925f368cc1ab0,imports,high
module:1b36edd812a3c3dc,module:fb14a7ad51efacea,imports,high
module:1d95429c33db45d4,function:0687447be3335b11,calls,low
module:1d95429c33db45d4,function:165d8dc73b6e36db,calls,low
module:1d95429c33db45d4,function:177612edc0e5b316,calls,low
module:1d95429c33db45d4,function:19d006662502b2a7,calls,low
module:1d95429c33db45d4,function:1c91035d8d8e0649,calls,low
module:1d95429c33db45d4,function:1eb10320972355c3,calls,low
module:1d95429c33db45d4,function:28a46428905899f3,calls,low
module:1d95429c33db45d4,function:296ca1747448a0e4,calls,low
module:1d95429c33db45d4,function:2a11cb6db0792980,calls,low
module:1d95429c33db45d4,function:32a5b2b88e07f2e6,calls,low
module:1d95429c33db45d4,function:37801f195ce38071,calls,low
module:1d95429c33db45d4,function:4b674f73047ffba2,calls,low
module:1d95429c33db45d4,function:4c35e12b5cf9e8e9,calls,low
module:1d95429c33db45d4,function:55201d0e70cf1e30,calls,low
module:1d95429c33db45d4,function:5aca3a21e7f59be9,calls,low
module:1d95429c33db45d4,function:5ea161005df364d1,calls,low
module:1d95429c33db45d4,function:5ed3a3aaca06e34c,calls,low
module:1d95429c33db45d4,function:66bd392cafc5135e,calls,low
module:1d95429c33db45d4,function:74c703ae447c438e,calls,low
module:1d95429c33db45d4,function:809c79eb211075be,calls,low
module:1d95429c33db45d4,function:816b7ebc7c287d42,calls,low
module:1d95429c33db45d4,function:8937b19f9fd952c1,calls,low
module:1d95429c33db45d4,function:8998c92260259a99,calls,low
module:1d95429c33db45d4,function:8fbc1b2e766b36ca,calls,low
module:1d95429c33db45d4,function:996a9b2520b826f0,calls,low
module:1d95429c33db45d4,function:9ef0c4276fb7792a,calls,low
module:1d95429c33db45d4,function:a13f6482eed49284,calls,low
module:1d95429c33db45d4,function:aaff47cccbdd8584,calls,low
module:1d95429c33db45d4,function:ad3e89abd37e92ed,calls,low
module:1d95429c33db45d4,function:b1276f9d450edbf7,calls,low
module:1d95429c33db45d4,function:bbb676dd4c5cf064,calls,low
module:1d95429c33db45d4,function:c24dd7acee18c685,calls,low
module:1d95429c33db45d4,function:c25a694449da4ebf,calls,low
module:1d95429c33db45d4,function:c2e8f1f97169d80f,calls,low
module:1d95429c33db45d4,function:cc300ea2a67dd32a,calls,low
module:1d95429c33db45d4,function:ce7ada500057b59e,calls,low
module:1d95429c33db45d4,function:cf4ad07cde3912e8,calls,low
module:1d95429c33db45d4,function:d2fbdd6273ef882b,calls,low
module:1d95429c33db45d4,function:d8448cf0b7ac1250,calls,low
module:1d95429c33db45d4,function:d97292f65c41b773,calls,low
module:1d95429c33db45d4,function:da4537ae7dd7a105,calls,low
module:1d95429c33db45d4,function:db5951ffaa8bccf3,calls,low
module:1d95429c33db45d4,function:dbbc223a420de9d4,calls,low
module:1d95429c33db45d4,function:de232cf0ba86bfed,calls,low
module:1d95429c33db45d4,function:e079128c5795213e,calls,low
module:1d95429c33db45d4,function:e0b9b4cdf8068672,calls,low
module:1d95429c33db45d4,function:e1db735ec0cae25b,calls,low
module:1d95429c33db45d4,function:e4cbc86e7bf94502,calls,low
module:1d95429c33db45d4,function:ebf654f7d8646a2e,calls,low
module:1d95429c33db45d4,function:f9278e2da07e4b01,calls,low
module:1d95429c33db45d4,function:fee1953874a6a59b,calls,low
module:1d95429c33db45d4,class:694667ff3e9f6739,contains,high
module:1d95429c33db45d4,class:a17b722f2531eed1,contains,high
module:1d95429c33db45d4,function:0f3745abd3a2097c,contains,high
module:1d95429c33db45d4,function:1e9346e5f90b081b,contains,high
module:1d95429c33db45d4,function:42940eab8b454ae7,contains,high
module:1d95429c33db45d4,function:4f7ca859e21f20b1,contains,high
module:1d95429c33db45d4,function:7128f571633f34b0,contains,high
module:1d95429c33db45d4,function:7f5ace5e99ed5812,contains,high
module:1d95429c33db45d4,function:8ac7b6745dcdf56d,contains,high
module:1d95429c33db45d4,function:937c07d1636a170b,contains,high
module:1d95429c33db45d4,function:99e1690e78a686d4,contains,high
module:1d95429c33db45d4,function:9ebf0c7196298a30,contains,high
module:1d95429c33db45d4,function:b4d3baa6abd532cf,contains,high
module:1d95429c33db45d4,function:c9a7e6f2a6e1f9a0,contains,high
module:1d95429c33db45d4,function:d21d34e6d16e8c07,contains,high
module:1d95429c33db45d4,function:dc41c37642a46d76,contains,high
module:1d95429c33db45d4,function:e1467b33486ebe58,contains,high
module:1d95429c33db45d4,function:e593bcd1691a80f9,contains,high
module:1d95429c33db45d4,function:ebc1335151e74c11,contains,high
module:1d95429c33db45d4,function:ecf451b14b0ab64b,contains,high
module:1d95429c33db45d4,function:f33e5998176d992e,contains,high
module:1d95429c33db45d4,module:2700921fa4e493c2,imports,high
module:1d95429c33db45d4,module:4ab060d867cc5ffe,imports,high
module:1d95429c33db45d4,module:5b900734927bb8f9,imports,high
module:1d95429c33db45d4,module:609aec6e63ffb252,imports,high
module:1d95429c33db45d4,module:739262198de3ed6c,imports,high
module:1d95429c33db45d4,module:8a9d051ddf4434e8,imports,high
module:1d95429c33db45d4,module:a8825c5a8b08c503,imports,high
module:1d95429c33db45d4,module:ca1d3821174b749b,imports,high
module:1d95429c33db45d4,module:e24925f368cc1ab0,imports,high
module:1d95429c33db45d4,module:fb14a7ad51efacea,imports,high
module:20a7b63de0dbad90,function:186a872a707df4bb,calls,low
module:20a7b63de0dbad90,function:1e5738c17e020b21,calls,low
module:20a7b63de0dbad90,function:20d8a229454f5c61,calls,low
module:20a7b63de0dbad90,function:36eac73b6f0098e1,calls,low
module:20a7b63de0dbad90,function:42bc031aea2e7552,calls,low
module:20a7b63de0dbad90,function:5e7c303378b6914a,calls,low
module:20a7b63de0dbad90,function:888435642c50f7f5,calls,low
module:20a7b63de0dbad90,function:dbb6de81fb1f3c44,calls,low
module:20a7b63de0dbad90,function:9247cd1150fc3f1b,contains,high
module:20a7b63de0dbad90,module:2ac3edd639438ef9,imports,high
module:20a7b63de0dbad90,module:2b9a1bde326c5bdf,imports,high
module:20a7b63de0dbad90,module:5ede7b82b234296b,imports,high
module:20a7b63de0dbad90,module:71b71c9c0c44ccf2,imports,high
module:20a7b63de0dbad90,module:739262198de3ed6c,imports,high
module:20a7b63de0dbad90,module:795d910790834478,imports,high
module:20a7b63de0dbad90,module:8a7a81a8180e4b11,imports,high
module:20a7b63de0dbad90,module:a1324f6742b526f8,imports,high
module:20a7b63de0dbad90,module:e24925f368cc1ab0,imports,high
module:20a7b63de0dbad90,module:fb14a7ad51efacea,imports,high
module:264bb64c28c28811,function:087069da46e181ac,calls,low
module:264bb64c28c28811,function:239ced041ab39bce,calls,low
module:264bb64c28c28811,function:2f4eafaaf1eb1966,calls,low
module:264bb64c28c28811,function:66bd392cafc5135e,calls,low
module:264bb64c28c28811,function:68b0a99e2699f07c,calls,low
module:264bb64c28c28811,function:6f746d411a17a0d7,calls,low
module:264bb64c28c28811,function:7a6f61954d82a3a2,calls,low
module:264bb64c28c28811,function:9024258597f8b99c,calls,low
module:264bb64c28c28811,function:98ed13221c198cac,calls,low
module:264bb64c28c28811,function:aab804769544b040,calls,low
module:264bb64c28c28811,function:b1276f9d450edbf7,calls,low
module:264bb64c28c28811,function:c01653f1dbb4fc18,calls,low
module:264bb64c28c28811,function:db2833bf626e0718,calls,low
module:264bb64c28c28811,function:df3f51ef1c41f828,calls,low
module:264bb64c28c28811,function:eea36408d1bacf45,calls,low
module:264bb64c28c28811,function:f65ab0e141e0836f,calls,low
module:264bb64c28c28811,function:1735e75047526b5f,contains,high
module:264bb64c28c28811,function:2bbfd603c5fb5575,contains,high
module:264bb64c28c28811,function:5100f2ac878d190c,contains,high
module:264bb64c28c28811,function:6a743736649982fb,contains,high
module:264bb64c28c28811,function:dc377c2ef7044510,contains,high
module:264bb64c28c28811,module:739262198de3ed6c,imports,high
module:264bb64c28c28811,module:a458815faf1fc8b5,imports,high
module:264bb64c28c28811,module:a8825c5a8b08c503,imports,high
module:264bb64c28c28811,module:e24925f368cc1ab0,imports,high
module:264bb64c28c28811,module:fb14a7ad51efacea,imports,high
module:27c47a370ce0d9be,function:19d006662502b2a7,calls,low
module:27c47a370ce0d9be,function:2f4eafaaf1eb1966,calls,low
module:27c47a370ce0d9be,function:66bd392cafc5135e,calls,low
module:27c47a370ce0d9be,function:69e0764702d15a26,calls,low
module:27c47a370ce0d9be,function:6f746d411a17a0d7,calls,low
module:27c47a370ce0d9be,function:9024258597f8b99c,calls,low
module:27c47a370ce0d9be,function:98ed13221c198cac,calls,low
module:27c47a370ce0d9be,function:accfc5526e20020c,calls,low
module:27c47a370ce0d9be,function:c4c3f39749bc056c,calls,low
module:27c47a370ce0d9be,function:cf4ad07cde3912e8,calls,low
module:27c47a370ce0d9be,function:e1aa128a6241fba0,calls,low
module:27c47a370ce0d9be,function:f65ab0e141e0836f,calls,low
module:27c47a370ce0d9be,function:f9278e2da07e4b01,calls,low
module:27c47a370ce0d9be,function:6328aa9ed9457ea1,contains,high
module:27c47a370ce0d9be,function:6c5b25d07b5e9b84,contains,high
module:27c47a370ce0d9be,function:8d77b373d41ff69b,contains,high
module:27c47a370ce0d9be,function:c03bd948ce545038,contains,high
module:27c47a370ce0d9be,module:739262198de3ed6c,imports,high
module:27c47a370ce0d9be,module:a8825c5a8b08c503,imports,high
module:27c47a370ce0d9be,module:ca1d3821174b749b,imports,high
module:27c47a370ce0d9be,module:e24925f368cc1ab0,imports,high
module:27c47a370ce0d9be,module:fb14a7ad51efacea,imports,high
module:38620642a1fe0874,function:306bd63db46a4d99,calls,low
module:38620642a1fe0874,function:816b7ebc7c287d42,calls,low
module:38620642a1fe0874,function:9109bb2e33c69bf5,calls,low
module:38620642a1fe0874,function:996a9b2520b826f0,calls,low
module:38620642a1fe0874,function:accfc5526e20020c,calls,low
module:38620642a1fe0874,function:cf4ad07cde3912e8,calls,low
module:38620642a1fe0874,function:f9278e2da07e4b01,calls,low
module:38620642a1fe0874,function:fee1953874a6a59b,calls,low
module:38620642a1fe0874,function:f08174f00ec081bf,contains,high
module:38620642a1fe0874,module:2e9b1e72db85d418,imports,high
module:38620642a1fe0874,module:ca1d3821174b749b,imports,high
module:38620642a1fe0874,module:e24925f368cc1ab0,imports,high
module:38620642a1fe0874,module:fb14a7ad51efacea,imports,high
module:3a41b7364684cd54,test:0ae0d382b0a7472b,tested_by,high
module:3e9f237c3f58d2d6,function:177612edc0e5b316,calls,low
module:3e9f237c3f58d2d6,function:18931d95aa8d2f77,calls,low
module:3e9f237c3f58d2d6,function:19d006662502b2a7,calls,low
module:3e9f237c3f58d2d6,function:296ca1747448a0e4,calls,low
module:3e9f237c3f58d2d6,function:2f4eafaaf1eb1966,calls,low
module:3e9f237c3f58d2d6,function:32a5b2b88e07f2e6,calls,low
module:3e9f237c3f58d2d6,function:40d8a4ba11e2f277,calls,low
module:3e9f237c3f58d2d6,function:4c35e12b5cf9e8e9,calls,low
module:3e9f237c3f58d2d6,function:4e5ec3ad313bf581,calls,low
module:3e9f237c3f58d2d6,function:5aca3a21e7f59be9,calls,low
module:3e9f237c3f58d2d6,function:643fe2233fec7c18,calls,low
module:3e9f237c3f58d2d6,function:66bd392cafc5135e,calls,low
module:3e9f237c3f58d2d6,function:68b0a99e2699f07c,calls,low
module:3e9f237c3f58d2d6,function:6f746d411a17a0d7,calls,low
module:3e9f237c3f58d2d6,function:9024258597f8b99c,calls,low
module:3e9f237c3f58d2d6,function:98ed13221c198cac,calls,low
module:3e9f237c3f58d2d6,function:b1276f9d450edbf7,calls,low
module:3e9f237c3f58d2d6,function:c4cd33912f27b604,calls,low
module:3e9f237c3f58d2d6,function:de96292bc56138a1,calls,low
module:3e9f237c3f58d2d6,function:e4cbc86e7bf94502,calls,low
module:3e9f237c3f58d2d6,function:f65ab0e141e0836f,calls,low
module:3e9f237c3f58d2d6,function:f9278e2da07e4b01,calls,low
module:3e9f237c3f58d2d6,class:2787c1e854645acd,contains,high
module:3e9f237c3f58d2d6,function:24482ac2771f7dee,contains,high
module:3e9f237c3f58d2d6,function:31070e8af13f53c7,contains,high
module:3e9f237c3f58d2d6,function:50582d132b7fbfe4,contains,high
module:3e9f237c3f58d2d6,function:804021e1aaa34ac8,contains,high
module:3e9f237c3f58d2d6,function:8c2334d7e827da20,contains,high
module:3e9f237c3f58d2d6,function:8e754a77c8c5867a,contains,high
module:3e9f237c3f58d2d6,function:9f7335de55944c31,contains,high
module:3e9f237c3f58d2d6,function:ac97cddf43174fa4,contains,high
module:3e9f237c3f58d2d6,function:c6b6cb79a3705788,contains,high
module:3e9f237c3f58d2d6,function:e6237a3dd117f8d5,contains,high
module:3e9f237c3f58d2d6,function:e732b5275d1a9253,contains,high
module:3e9f237c3f58d2d6,module:3a41b7364684cd54,imports,high
module:3e9f237c3f58d2d6,module:739262198de3ed6c,imports,high
module:3e9f237c3f58d2d6,module:8c7255b4d026f269,imports,high
module:3e9f237c3f58d2d6,module:a8825c5a8b08c503,imports,high
module:3e9f237c3f58d2d6,module:e24925f368cc1ab0,imports,high
module:3e9f237c3f58d2d6,module:fb14a7ad51efacea,imports,high
module:47460f95f2276c43,function:accfc5526e20020c,calls,low
module:47460f95f2276c43,function:cf4ad07cde3912e8,calls,low
module:47460f95f2276c43,function:f9278e2da07e4b01,calls,low
module:47460f95f2276c43,function:92d5039a982501ab,contains,high
module:47460f95f2276c43,module:ca1d3821174b749b,imports,high
module:47460f95f2276c43,module:e24925f368cc1ab0,imports,high
module:47460f95f2276c43,module:fb14a7ad51efacea,imports,high
module:48c52ae99f10ac4d,function:13e27049e6a35650,calls,low
module:48c52ae99f10ac4d,function:19d006662502b2a7,calls,low
module:48c52ae99f10ac4d,function:2f4eafaaf1eb1966,calls,low
module:48c52ae99f10ac4d,function:66bd392cafc5135e,calls,low
module:48c52ae99f10ac4d,function:68b0a99e2699f07c,calls,low
module:48c52ae99f10ac4d,function:6f746d411a17a0d7,calls,low
module:48c52ae99f10ac4d,function:8d631c4f2a16b3d7,calls,low
module:48c52ae99f10ac4d,function:9024258597f8b99c,calls,low
module:48c52ae99f10ac4d,function:98ed13221c198cac,calls,low
module:48c52ae99f10ac4d,function:aab804769544b040,calls,low
module:48c52ae99f10ac4d,function:cf4ad07cde3912e8,calls,low
module:48c52ae99f10ac4d,function:e88f55919edac7d7,calls,low
module:48c52ae99f10ac4d,function:eea36408d1bacf45,calls,low
module:48c52ae99f10ac4d,function:f65ab0e141e0836f,calls,low
module:48c52ae99f10ac4d,function:44eaf0655570b4a0,contains,high
module:48c52ae99f10ac4d,function:86b9088d12fc80fe,contains,high
module:48c52ae99f10ac4d,function:bdf9424339944dba,contains,high
module:48c52ae99f10ac4d,function:e9b5b8fc613faf52,contains,high
module:48c52ae99f10ac4d,module:739262198de3ed6c,imports,high
module:48c52ae99f10ac4d,module:a458815faf1fc8b5,imports,high
module:48c52ae99f10ac4d,module:a8825c5a8b08c503,imports,high
module:48c52ae99f10ac4d,module:e24925f368cc1ab0,imports,high
module:48c52ae99f10ac4d,module:fb14a7ad51efacea,imports,high
module:4a9cd585590fb8b6,function:0a5490a50b635378,calls,low
module:4a9cd585590fb8b6,function:1051bea772918186,calls,low
module:4a9cd585590fb8b6,function:17b29068836347f7,calls,low
module:4a9cd585590fb8b6,function:24b883f019b706e4,calls,low
module:4a9cd585590fb8b6,function:293a62e45664f77e,calls,low
module:4a9cd585590fb8b6,function:296ca1747448a0e4,calls,low
module:4a9cd585590fb8b6,function:2a11cb6db0792980,calls,low
module:4a9cd585590fb8b6,function:32a5b2b88e07f2e6,calls,low
module:4a9cd585590fb8b6,function:48c7aeaa1f959cf6,calls,low
module:4a9cd585590fb8b6,function:66bd392cafc5135e,calls,low
module:4a9cd585590fb8b6,function:68b0a99e2699f07c,calls,low
module:4a9cd585590fb8b6,function:7b61852e8cccf5bf,calls,low
module:4a9cd585590fb8b6,function:809c79eb211075be,calls,low
module:4a9cd585590fb8b6,function:816b7ebc7c287d42,calls,low
module:4a9cd585590fb8b6,function:c03cb5a8c7969d3f,calls,low
module:4a9cd585590fb8b6,function:ce6853cf502be5c0,calls,low
module:4a9cd585590fb8b6,function:cf1d47ae5be1b3bc,calls,low
module:4a9cd585590fb8b6,function:e079128c5795213e,calls,low
module:4a9cd585590fb8b6,function:e4cbc86e7bf94502,calls,low
module:4a9cd585590fb8b6,function:f28ce63964ba01ee,calls,low
module:4a9cd585590fb8b6,function:f8a0d4cf1344b67c,calls,low
module:4a9cd585590fb8b6,function:f9278e2da07e4b01,calls,low
module:4a9cd585590fb8b6,class:0ec20ae77af49545,contains,high
module:4a9cd585590fb8b6,class:1862cfee1b3fd06c,contains,high
module:4a9cd585590fb8b6,class:55bf6ca73312508b,contains,high
module:4a9cd585590fb8b6,function:41f8601d370673a0,contains,high
module:4a9cd585590fb8b6,function:49a91ba6f3fbf1c5,contains,high
module:4a9cd585590fb8b6,function:7f6d95e130a3820a,contains,high
module:4a9cd585590fb8b6,function:9c83e360e3699db6,contains,high
module:4a9cd585590fb8b6,function:b3d767b641dc16f5,contains,high
module:4a9cd585590fb8b6,function:b6360578bd274a0c,contains,high
module:4a9cd585590fb8b6,function:d47f0b7c37ea0318,contains,high
module:4a9cd585590fb8b6,function:dfea4c7d619ffe8e,contains,high
module:4a9cd585590fb8b6,function:e82d4644bd5e7df1,contains,high
module:4a9cd585590fb8b6,function:ede5a41d0ae6e016,contains,high
module:4a9cd585590fb8b6,module:3a41b7364684cd54,imports,high
module:4a9cd585590fb8b6,module:609aec6e63ffb252,imports,high
module:4a9cd585590fb8b6,module:9e545972d6b2a566,imports,high
module:4a9cd585590fb8b6,module:e24925f368cc1ab0,imports,high
module:4a9cd585590fb8b6,module:e98b521c525b8043,imports,high
module:4a9cd585590fb8b6,module:e9b1240e80608187,imports,high
module:4a9cd585590fb8b6,module:fb14a7ad51efacea,imports,high
module:4f1bdadc975ab16c,function:081a3907a63a4895,calls,low
module:4f1bdadc975ab16c,function:0ddb174d8bf26e54,calls,low
module:4f1bdadc975ab16c,function:1132fae147f20fe5,calls,low
module:4f1bdadc975ab16c,function:19d006662502b2a7,calls,low
module:4f1bdadc975ab16c,function:52d682c094de164d,calls,low
module:4f1bdadc975ab16c,function:53c1080309d403f2,calls,low
module:4f1bdadc975ab16c,function:60db2b1ac84c1a0f,calls,low
module:4f1bdadc975ab16c,function:65f195f4aa35110b,calls,low
module:4f1bdadc975ab16c,function:6d5b5a948c045117,calls,low
module:4f1bdadc975ab16c,function:809c79eb211075be,calls,low
module:4f1bdadc975ab16c,function:86e04aecae515126,calls,low
module:4f1bdadc975ab16c,function:92abd5ccd0c5fc70,calls,low
module:4f1bdadc975ab16c,function:9dd836988deae6dd,calls,low
module:4f1bdadc975ab16c,function:accfc5526e20020c,calls,low
module:4f1bdadc975ab16c,function:cb17ecf2fdc4d034,calls,low
module:4f1bdadc975ab16c,function:cf4ad07cde3912e8,calls,low
module:4f1bdadc975ab16c,function:e4cbc86e7bf94502,calls,low
module:4f1bdadc975ab16c,function:f5b3cbba0c19c439,calls,low
module:4f1bdadc975ab16c,function:f9278e2da07e4b01,calls,low
module:4f1bdadc975ab16c,class:44b3106fa719dd5e,contains,high
module:4f1bdadc975ab16c,class:e8f51bae5714d6a8,contains,high
module:4f1bdadc975ab16c,function:205aac2b23ab7de7,contains,high
module:4f1bdadc975ab16c,function:3ae2c8a4ba9c1570,contains,high
module:4f1bdadc975ab16c,function:48bf5e3e3078d27b,contains,high
module:4f1bdadc975ab16c,function:4cb779335b5c68cc,contains,high
module:4f1bdadc975ab16c,function:5458def2f48572ee,contains,high
module:4f1bdadc975ab16c,function:7b719bc3e5279a49,contains,high
module:4f1bdadc975ab16c,function:7c89c559e20e39fe,contains,high
module:4f1bdadc975ab16c,function:9e1ad6a9cef749a9,contains,high
module:4f1bdadc975ab16c,function:a7de5c63bc457bee,contains,high
module:4f1bdadc975ab16c,function:b57d1318cf2e7f68,contains,high
module:4f1bdadc975ab16c,function:bae37ef9d0c9a43f,contains,high
module:4f1bdadc975ab16c,function:c2a4f5a65788a48d,contains,high
module:4f1bdadc975ab16c,function:d37f87e8d305ff89,contains,high
module:4f1bdadc975ab16c,function:d5406bb34e732b1b,contains,high
module:4f1bdadc975ab16c,function:ef7cc559274cdcce,contains,high
module:4f1bdadc975ab16c,function:f5486ebf6fce5721,contains,high
module:4f1bdadc975ab16c,module:609aec6e63ffb252,imports,high
module:4f1bdadc975ab16c,module:ca1d3821174b749b,imports,high
module:4f1bdadc975ab16c,module:e24925f368cc1ab0,imports,high
module:4f1bdadc975ab16c,module:fb14a7ad51efacea,imports,high
module:5cdc58ebc07dda92,function:165d8dc73b6e36db,calls,low
module:5cdc58ebc07dda92,function:2a11cb6db0792980,calls,low
module:5cdc58ebc07dda92,function:4904d8681eb1bff1,calls,low
module:5cdc58ebc07dda92,function:4c35e12b5cf9e8e9,calls,low
module:5cdc58ebc07dda92,function:52b3637b0b174462,calls,low
module:5cdc58ebc07dda92,function:5ed3a3aaca06e34c,calls,low
module:5cdc58ebc07dda92,function:996a9b2520b826f0,calls,low
module:5cdc58ebc07dda92,function:accfc5526e20020c,calls,low
module:5cdc58ebc07dda92,function:cf4ad07cde3912e8,calls,low
module:5cdc58ebc07dda92,function:d9c5439c9e63c618,calls,low
module:5cdc58ebc07dda92,function:f9278e2da07e4b01,calls,low
module:5cdc58ebc07dda92,function:fee1953874a6a59b,calls,low
module:5cdc58ebc07dda92,function:ffbbfd1a89637b8d,calls,low
module:5cdc58ebc07dda92,function:7bd9f6319c4b3851,contains,high
module:5cdc58ebc07dda92,function:95be1056224c7c54,contains,high
module:5cdc58ebc07dda92,module:3dc7e931fd46f75f,imports,high
module:5cdc58ebc07dda92,module:54ebb6cd3bad4653,imports,high
module:5cdc58ebc07dda92,module:8cb2f56b13252999,imports,high
module:5cdc58ebc07dda92,module:9e6ee58ef2fbd10e,imports,high
module:5cdc58ebc07dda92,module:ca1d3821174b749b,imports,high
module:5cdc58ebc07dda92,module:e24925f368cc1ab0,imports,high
module:5cdc58ebc07dda92,module:fb14a7ad51efacea,imports,high
module:739262198de3ed6c,test:0ae0d382b0a7472b,tested_by,high
module:87a70706ead5efe0,function:0687447be3335b11,calls,low
module:87a70706ead5efe0,function:0fcf1af022af83a5,calls,low
module:87a70706ead5efe0,function:165d8dc73b6e36db,calls,low
module:87a70706ead5efe0,function:19d006662502b2a7,calls,low
module:87a70706ead5efe0,function:74c703ae447c438e,calls,low
module:87a70706ead5efe0,function:996a9b2520b826f0,calls,low
module:87a70706ead5efe0,function:cf4ad07cde3912e8,calls,low
module:87a70706ead5efe0,function:e4cbc86e7bf94502,calls,low
module:87a70706ead5efe0,function:eb4ffb592856a26b,calls,low
module:87a70706ead5efe0,function:fee1953874a6a59b,calls,low
module:87a70706ead5efe0,class:d3910056e88affb9,contains,high
module:87a70706ead5efe0,function:2403f76e9a7a3fde,contains,high
module:87a70706ead5efe0,function:365a7318aa25a824,contains,high
module:87a70706ead5efe0,function:4fa174fbb4c4d7b2,contains,high
module:87a70706ead5efe0,function:73c51f07aa9abcae,contains,high
module:87a70706ead5efe0,function:8ebd9b8791dc5ff0,contains,high
module:87a70706ead5efe0,function:cd483d96687def62,contains,high
module:87a70706ead5efe0,function:ced63a44cfeecb81,contains,high
module:87a70706ead5efe0,module:609aec6e63ffb252,imports,high
module:87a70706ead5efe0,module:a8825c5a8b08c503,imports,high
module:87a70706ead5efe0,module:ca1d3821174b749b,imports,high
module:87a70706ead5efe0,module:e24925f368cc1ab0,imports,high
module:87a70706ead5efe0,module:fb14a7ad51efacea,imports,high
module:970e4b319eabe840,function:0687447be3335b11,calls,low
module:970e4b319eabe840,function:19d006662502b2a7,calls,low
module:970e4b319eabe840,function:34bc142d709b9946,calls,low
module:970e4b319eabe840,function:4c35e12b5cf9e8e9,calls,low
module:970e4b319eabe840,function:615447fa261ebfc5,calls,low
module:970e4b319eabe840,function:8937b19f9fd952c1,calls,low
module:970e4b319eabe840,function:b5b63faea2504213,calls,low
module:970e4b319eabe840,function:bfe12b123b52311a,calls,low
module:970e4b319eabe840,function:c4c3f39749bc056c,calls,low
module:970e4b319eabe840,function:c6451f1723a9ce06,calls,low
module:970e4b319eabe840,function:cf4ad07cde3912e8,calls,low
module:970e4b319eabe840,function:d2fbdd6273ef882b,calls,low
module:970e4b319eabe840,function:d7b8e1feb0e5fe54,calls,low
module:970e4b319eabe840,function:e4cbc86e7bf94502,calls,low
module:970e4b319eabe840,function:ead33f4d2502fdf3,calls,low
module:970e4b319eabe840,function:f89f3bf062df55a4,calls,low
module:970e4b319eabe840,function:376f5905beead7c9,contains,high
module:970e4b319eabe840,function:dff82bb1bdd00e29,contains,high
module:970e4b319eabe840,function:ec481f98b922fe93,contains,high
module:970e4b319eabe840,function:f2e6063bf2fd00f4,contains,high
module:970e4b319eabe840,function:f530f2130c115f12,contains,high
module:970e4b319eabe840,module:739262198de3ed6c,imports,high
module:970e4b319eabe840,module:a8825c5a8b08c503,imports,high
module:970e4b319eabe840,module:e24925f368cc1ab0,imports,high
module:970e4b319eabe840,module:e61ee4a28a8370a4,imports,high
module:9c2506a78d16fb08,function:035295042be223c2,calls,low
module:9c2506a78d16fb08,function:087069da46e181ac,calls,low
module:9c2506a78d16fb08,function:165d8dc73b6e36db,calls,low
module:9c2506a78d16fb08,function:1cd93e69917e63f7,calls,low
module:9c2506a78d16fb08,function:2a11cb6db0792980,calls,low
module:9c2506a78d16fb08,function:2b67ff6896b1dc2c,calls,low
module:9c2506a78d16fb08,function:3511b6772c03c910,calls,low
module:9c2506a78d16fb08,function:37a5c019ec1fb8ec,calls,low
module:9c2506a78d16fb08,function:472f5ef4bdeea9af,calls,low
module:9c2506a78d16fb08,function:4ca0f0cabe99f8ed,calls,low
module:9c2506a78d16fb08,function:53c1080309d403f2,calls,low
module:9c2506a78d16fb08,function:595d8b9321b090dd,calls,low
module:9c2506a78d16fb08,function:5cded5f3094ddbe3,calls,low
module:9c2506a78d16fb08,function:5ed3a3aaca06e34c,calls,low
module:9c2506a78d16fb08,function:655cc484877bbb2d,calls,low
module:9c2506a78d16fb08,function:6a560fb6bb83082a,calls,low
module:9c2506a78d16fb08,function:6a89a30b0a722af4,calls,low
module:9c2506a78d16fb08,function:6d5b5a948c045117,calls,low
module:9c2506a78d16fb08,function:71b4328450c133b3,calls,low
module:9c2506a78d16fb08,function:74c703ae447c438e,calls,low
module:9c2506a78d16fb08,function:797e63b703ee89f0,calls,low
module:9c2506a78d16fb08,function:7e6f37dc79c8a6c7,calls,low
module:9c2506a78d16fb08,function:86e04aecae515126,calls,low
module:9c2506a78d16fb08,function:8782938b5051216e,calls,low
module:9c2506a78d16fb08,function:8c0f19cbc9c43ff6,calls,low
module:9c2506a78d16fb08,function:8d631c4f2a16b3d7,calls,low
module:9c2506a78d16fb08,function:8e5667d7964c2c71,calls,low
module:9c2506a78d16fb08,function:9146e4e1057a3fef,calls,low
module:9c2506a78d16fb08,function:96276146fa1b41d2,calls,low
module:9c2506a78d16fb08,function:996a9b2520b826f0,calls,low
module:9c2506a78d16fb08,function:9dd836988deae6dd,calls,low
module:9c2506a78d16fb08,function:a3faf6e08b9fd013,calls,low
module:9c2506a78d16fb08,function:aea0109d2cd0b15c,calls,low
module:9c2506a78d16fb08,function:b1276f9d450edbf7,calls,low
module:9c2506a78d16fb08,function:b1c1e6fc43d10486,calls,low
module:9c2506a78d16fb08,function:be6aadbda960e63a,calls,low
module:9c2506a78d16fb08,function:c03cb5a8c7969d3f,calls,low
module:9c2506a78d16fb08,function:c4c3f39749bc056c,calls,low
module:9c2506a78d16fb08,function:c4dc67a0d835b386,calls,low
module:9c2506a78d16fb08,function:cab3644d39b6b8cc,calls,low
module:9c2506a78d16fb08,function:cb17ecf2fdc4d034,calls,low
module:9c2506a78d16fb08,function:cb8a11152dc29383,calls,low
module:9c2506a78d16fb08,function:d2d9f4a9a93e1650,calls,low
module:9c2506a78d16fb08,function:df4ae44804f31697,calls,low
module:9c2506a78d16fb08,function:e4cbc86e7bf94502,calls,low
module:9c2506a78d16fb08,function:f5b3cbba0c19c439,calls,low
module:9c2506a78d16fb08,function:f9278e2da07e4b01,calls,low
module:9c2506a78d16fb08,function:fee1953874a6a59b,calls,low
module:9c2506a78d16fb08,function:38c13c7d793a31be,contains,high
module:9c2506a78d16fb08,function:b468ea287f4a0564,contains,high
module:9c2506a78d16fb08,module:2f90c2f2adc60d29,imports,high
module:9c2506a78d16fb08,module:328f6e637a1dbf0c,imports,high
module:9c2506a78d16fb08,module:34525cb8c1fd8159,imports,high
module:9c2506a78d16fb08,module:3974e11e1ec19d03,imports,high
module:9c2506a78d16fb08,module:4fb9d7fad8678f9b,imports,high
module:9c2506a78d16fb08,module:6be6941847754636,imports,high
module:9c2506a78d16fb08,module:7771a96b341b9f7a,imports,high
module:9c2506a78d16fb08,module:ac80d46213605f3d,imports,high
module:9c2506a78d16fb08,module:bcc903adfd231e74,imports,high
module:9c2506a78d16fb08,module:ca1d3821174b749b,imports,high
module:9c2506a78d16fb08,module:e24925f368cc1ab0,imports,high
module:9c2506a78d16fb08,module:e4e2b3589e0dd3be,imports,high
module:9c2506a78d16fb08,module:e8c34515313e152b,imports,high
module:9c2506a78d16fb08,module:fb14a7ad51efacea,imports,high
module:9fc38c73d0cb57ff,function:013a8b6c2b1cde9b,calls,low
module:9fc38c73d0cb57ff,function:087069da46e181ac,calls,low
module:9fc38c73d0cb57ff,function:177612edc0e5b316,calls,low
module:9fc38c73d0cb57ff,function:19d006662502b2a7,calls,low
module:9fc38c73d0cb57ff,function:1c91035d8d8e0649,calls,low
module:9fc38c73d0cb57ff,function:296ca1747448a0e4,calls,low
module:9fc38c73d0cb57ff,function:2a11cb6db0792980,calls,low
module:9fc38c73d0cb57ff,function:2f4eafaaf1eb1966,calls,low
module:9fc38c73d0cb57ff,function:32a5b2b88e07f2e6,calls,low
module:9fc38c73d0cb57ff,function:472f5ef4bdeea9af,calls,low
module:9fc38c73d0cb57ff,function:565998eae3ff0b86,calls,low
module:9fc38c73d0cb57ff,function:61c622c95039b189,calls,low
module:9fc38c73d0cb57ff,function:65789c3d154795c6,calls,low
module:9fc38c73d0cb57ff,function:66bd392cafc5135e,calls,low
module:9fc38c73d0cb57ff,function:6b06c8a35b9b092f,calls,low
module:9fc38c73d0cb57ff,function:6f746d411a17a0d7,calls,low
module:9fc38c73d0cb57ff,function:98ed13221c198cac,calls,low
module:9fc38c73d0cb57ff,function:9def790617e53f8c,calls,low
module:9fc38c73d0cb57ff,function:accfc5526e20020c,calls,low
module:9fc38c73d0cb57ff,function:b1276f9d450edbf7,calls,low
module:9fc38c73d0cb57ff,function:c24dd7acee18c685,calls,low
module:9fc38c73d0cb57ff,function:cf4ad07cde3912e8,calls,low
module:9fc38c73d0cb57ff,function:d2fbdd6273ef882b,calls,low
module:9fc38c73d0cb57ff,function:f02f3052a22a8035,calls,low
module:9fc38c73d0cb57ff,function:f65ab0e141e0836f,calls,low
module:9fc38c73d0cb57ff,function:f9278e2da07e4b01,calls,low
module:9fc38c73d0cb57ff,function:24ef73e980a4fb52,contains,high
module:9fc38c73d0cb57ff,function:3dd371c89da01260,contains,high
module:9fc38c73d0cb57ff,function:4b358e75804509ca,contains,high
module:9fc38c73d0cb57ff,function:4ff5060a774c692d,contains,high
module:9fc38c73d0cb57ff,function:92fe04b0a2cd5901,contains,high
module:9fc38c73d0cb57ff,function:f957b14a57b1f170,contains,high
module:9fc38c73d0cb57ff,module:739262198de3ed6c,imports,high
module:9fc38c73d0cb57ff,module:8a9d051ddf4434e8,imports,high
module:9fc38c73d0cb57ff,module:a8825c5a8b08c503,imports,high
module:9fc38c73d0cb57ff,module:d35ac7aae01e0a2d,imports,high
module:9fc38c73d0cb57ff,module:e24925f368cc1ab0,imports,high
module:9fc38c73d0cb57ff,module:fb14a7ad51efacea,imports,high
module:a3d7fc63ce1152d5,function:05e52c77957b90db,calls,low
module:a3d7fc63ce1152d5,function:177612edc0e5b316,calls,low
module:a3d7fc63ce1152d5,function:1e0578a9d8b4bd0b,calls,low
module:a3d7fc63ce1152d5,function:296ca1747448a0e4,calls,low
module:a3d7fc63ce1152d5,function:2f4eafaaf1eb1966,calls,low
module:a3d7fc63ce1152d5,function:32a5b2b88e07f2e6,calls,low
module:a3d7fc63ce1152d5,function:4c35e12b5cf9e8e9,calls,low
module:a3d7fc63ce1152d5,function:5aca3a21e7f59be9,calls,low
module:a3d7fc63ce1152d5,function:66bd392cafc5135e,calls,low
module:a3d7fc63ce1152d5,function:68b0a99e2699f07c,calls,low
module:a3d7fc63ce1152d5,function:6f746d411a17a0d7,calls,low
module:a3d7fc63ce1152d5,function:7f099d3bfd6dc0ca,calls,low
module:a3d7fc63ce1152d5,function:8937b19f9fd952c1,calls,low
module:a3d7fc63ce1152d5,function:9024258597f8b99c,calls,low
module:a3d7fc63ce1152d5,function:98ed13221c198cac,calls,low
module:a3d7fc63ce1152d5,function:b1276f9d450edbf7,calls,low
module:a3d7fc63ce1152d5,function:f65ab0e141e0836f,calls,low
module:a3d7fc63ce1152d5,function:f9278e2da07e4b01,calls,low
module:a3d7fc63ce1152d5,function:0bd495192e537612,contains,high
module:a3d7fc63ce1152d5,function:1bfcbcc6e146cb0c,contains,high
module:a3d7fc63ce1152d5,function:3164d0739e00b4b5,contains,high
module:a3d7fc63ce1152d5,function:a7572ec29f5e1015,contains,high
module:a3d7fc63ce1152d5,module:3a41b7364684cd54,imports,high
module:a3d7fc63ce1152d5,module:739262198de3ed6c,imports,high
module:a3d7fc63ce1152d5,module:a8825c5a8b08c503,imports,high
module:a3d7fc63ce1152d5,module:e24925f368cc1ab0,imports,high
module:a3d7fc63ce1152d5,module:fb14a7ad51efacea,imports,high
module:a8825c5a8b08c503,test:0ae0d382b0a7472b,tested_by,high
module:b17cd7adf6206682,function:087069da46e181ac,calls,low
module:b17cd7adf6206682,function:234d42d419a68efc,calls,low
module:b17cd7adf6206682,function:443bb82a4097ad14,calls,low
module:b17cd7adf6206682,function:457433d6a1d6a2fa,calls,low
module:b17cd7adf6206682,function:52d682c094de164d,calls,low
module:b17cd7adf6206682,function:816b7ebc7c287d42,calls,low
module:b17cd7adf6206682,function:8937b19f9fd952c1,calls,low
module:b17cd7adf6206682,function:9aef4024419c8639,calls,low
module:b17cd7adf6206682,function:accfc5526e20020c,calls,low
module:b17cd7adf6206682,function:b1276f9d450edbf7,calls,low
module:b17cd7adf6206682,function:b2ce57cd00536421,calls,low
module:b17cd7adf6206682,function:b561da5c71b956e8,calls,low
module:b17cd7adf6206682,function:bac848dfadf4b5ab,calls,low
module:b17cd7adf6206682,function:cf4ad07cde3912e8,calls,low
module:b17cd7adf6206682,function:d2fbdd6273ef882b,calls,low
module:b17cd7adf6206682,function:db2833bf626e0718,calls,low
module:b17cd7adf6206682,function:e4cbc86e7bf94502,calls,low
module:b17cd7adf6206682,function:f9278e2da07e4b01,calls,low
module:b17cd7adf6206682,function:38087a27e4dcf45d,contains,high
module:b17cd7adf6206682,function:4454a21d87c9f79c,contains,high
module:b17cd7adf6206682,function:49b8424be1260492,contains,high
module:b17cd7adf6206682,function:baf2975f6ff3f1f1,contains,high
module:b17cd7adf6206682,function:cc68ed4731424e5b,contains,high
module:b17cd7adf6206682,module:ca1d3821174b749b,imports,high
module:b17cd7adf6206682,module:e24925f368cc1ab0,imports,high
module:b17cd7adf6206682,module:fb14a7ad51efacea,imports,high
module:bb0e114e7fcddbfb,module:2700921fa4e493c2,imports,high
module:bb0e114e7fcddbfb,module:d8baf4147272edef,imports,high
module:bb0e114e7fcddbfb,module:e3cb092859f59eed,imports,high
module:c3cb304ae0215a0a,module:4fb9d7fad8678f9b,imports,high
module:caf676eac2c5ef4b,function:036baaebc6010755,calls,low
module:caf676eac2c5ef4b,function:19d006662502b2a7,calls,low
module:caf676eac2c5ef4b,function:48c7aeaa1f959cf6,calls,low
module:caf676eac2c5ef4b,function:809c79eb211075be,calls,low
module:caf676eac2c5ef4b,function:889c8af7004cdcf6,calls,low
module:caf676eac2c5ef4b,function:df5c1e76c6581742,calls,low
module:caf676eac2c5ef4b,function:e6f5b0440186f6a6,calls,low
module:caf676eac2c5ef4b,class:3f0c4057af7575cf,contains,high
module:caf676eac2c5ef4b,class:ba6353b06f7da71f,contains,high
module:caf676eac2c5ef4b,function:4fcbc31cf927cfe5,contains,high
module:caf676eac2c5ef4b,function:73299872610ced87,contains,high
module:caf676eac2c5ef4b,function:ad137ded8c08c909,contains,high
module:caf676eac2c5ef4b,module:609aec6e63ffb252,imports,high
module:caf676eac2c5ef4b,module:7c01aaa9db5fb5d9,imports,high
module:caf676eac2c5ef4b,module:e24925f368cc1ab0,imports,high
module:e24925f368cc1ab0,test:0ae0d382b0a7472b,tested_by,high
module:eac7f533c3fd6005,function:48c7aeaa1f959cf6,calls,low
module:eac7f533c3fd6005,function:809c79eb211075be,calls,low
module:eac7f533c3fd6005,class:0f5a0534a1b87268,contains,high
module:eac7f533c3fd6005,class:d4aa656658b88d40,contains,high
module:eac7f533c3fd6005,function:0cbbde0d41d48f5e,contains,high
module:eac7f533c3fd6005,module:609aec6e63ffb252,imports,high
module:eac7f533c3fd6005,module:e24925f368cc1ab0,imports,high
module:f4fe3c7040f85e46,function:087069da46e181ac,calls,low
module:f4fe3c7040f85e46,function:1c91035d8d8e0649,calls,low
module:f4fe3c7040f85e46,function:2f4eafaaf1eb1966,calls,low
module:f4fe3c7040f85e46,function:4c35e12b5cf9e8e9,calls,low
module:f4fe3c7040f85e46,function:55201d0e70cf1e30,calls,low
module:f4fe3c7040f85e46,function:66bd392cafc5135e,calls,low
module:f4fe3c7040f85e46,function:6f746d411a17a0d7,calls,low
module:f4fe3c7040f85e46,function:98ed13221c198cac,calls,low
module:f4fe3c7040f85e46,function:a4becebd5620b762,calls,low
module:f4fe3c7040f85e46,function:a6839265fe52499b,calls,low
module:f4fe3c7040f85e46,function:cf4ad07cde3912e8,calls,low
module:f4fe3c7040f85e46,function:d2fbdd6273ef882b,calls,low
module:f4fe3c7040f85e46,function:eea36408d1bacf45,calls,low
module:f4fe3c7040f85e46,function:f65ab0e141e0836f,calls,low
module:f4fe3c7040f85e46,function:f9278e2da07e4b01,calls,low
module:f4fe3c7040f85e46,function:61a10df1a602d843,contains,high
module:f4fe3c7040f85e46,function:6939be7089af6b26,contains,high
module:f4fe3c7040f85e46,function:ea6c2171f4edbeb4,contains,high
module:f4fe3c7040f85e46,module:739262198de3ed6c,imports,high
module:f4fe3c7040f85e46,module:8a9d051ddf4434e8,imports,high
module:f4fe3c7040f85e46,module:a8825c5a8b08c503,imports,high
module:f4fe3c7040f85e46,module:e24925f368cc1ab0,imports,high
module:f4fe3c7040f85e46,module:fb14a7ad51efacea,imports,high
module:fb14a7ad51efacea,test:0ae0d382b0a7472b,tested_by,high
